City_ID,City,Country,Date,Lat,Lng,Max Temp,Humidity,Cloudiness,Wind Speed
0,Yellowknife,CA,2021-10-26 09:39:49,62.456,-114.3525,40.41,90,90,8.05
1,Vao,NC,2021-10-26 09:39:49,-22.6667,167.4833,72.07,84,66,17.9
2,Rikitea,PF,2021-10-26 09:39:49,-23.1203,-134.9692,75.34,72,93,14.79
3,Vaini,TO,2021-10-26 09:39:50,-21.2,-175.2,73.56,83,20,9.22
4,Udimskiy,RU,2021-10-26 09:39:50,61.1417,45.9144,32.5,98,100,0.98
5,Sao Domingos,BR,2021-10-26 09:39:50,-13.3983,-46.3183,73.51,80,94,6.73
6,New Norfolk,AU,2021-10-26 09:39:51,-42.7826,147.0587,51.3,97,3,2.64
7,Riachao Das Neves,BR,2021-10-26 09:39:51,-11.7461,-44.91,78.58,66,34,4.16
8,Moerai,PF,2021-10-26 09:39:51,-22.4333,-151.3333,73.35,75,100,20.6
9,Leningradskiy,RU,2021-10-26 09:39:52,69.3833,178.4167,9.64,94,100,19.93
10,Amahai,ID,2021-10-26 09:39:52,-3.3333,128.9167,81.27,80,32,2.86
11,Qaanaaq,GL,2021-10-26 09:39:53,77.484,-69.3632,11.86,88,100,11.56
12,Ahuimanu,US,2021-10-26 09:39:53,21.4447,-157.8378,75.85,73,40,12.66
13,Allanridge,ZA,2021-10-26 09:39:53,-27.7543,26.6438,75.29,45,29,7.18
14,Mahebourg,MU,2021-10-26 09:39:54,-20.4081,57.7,79.25,65,75,16.11
15,Jamestown,US,2021-10-26 09:35:58,42.097,-79.2353,54.09,99,90,5.99
16,Shimanovsk,RU,2021-10-26 09:39:54,52.0,127.7,35.85,87,70,4.61
17,Punta Arenas,CL,2021-10-26 09:39:55,-53.15,-70.9167,37.51,93,75,11.5
18,Emerald,AU,2021-10-26 09:39:55,-23.5333,148.1667,82.54,48,25,0.0
19,Carnarvon,AU,2021-10-26 09:39:55,-24.8667,113.6333,68.07,45,40,17.27
20,Puerto Ayora,EC,2021-10-26 09:39:56,-0.7393,-90.3518,68.07,85,76,7.96
21,Meulaboh,ID,2021-10-26 09:39:56,4.1363,96.1285,80.69,82,100,6.02
22,Constitucion,CL,2021-10-26 09:39:56,-35.3333,-72.4167,52.54,90,0,7.14
23,Cherskiy,RU,2021-10-26 09:39:57,68.75,161.3,-18.54,100,85,4.21
24,Sao Filipe,CV,2021-10-26 09:39:57,14.8961,-24.4956,78.19,82,61,12.44
25,Kolpashevo,RU,2021-10-26 09:39:57,58.3131,82.9089,42.93,78,100,16.08
26,Artyom,AZ,2021-10-26 09:39:58,40.4723,50.333,48.34,68,100,23.31
27,Hilo,US,2021-10-26 09:35:59,19.7297,-155.09,73.13,90,90,5.75
28,Superior,US,2021-10-26 09:39:58,46.7208,-92.1041,43.7,86,1,4.61
29,Atuona,PF,2021-10-26 09:39:58,-9.8,-139.0333,77.14,73,9,10.96
30,Bowen,AU,2021-10-26 09:39:59,-20.0167,148.2333,77.22,74,39,8.48
31,Victoria,HK,2021-10-26 09:37:59,22.2855,114.1577,81.97,70,63,1.01
32,Ushuaia,AR,2021-10-26 09:39:59,-54.8,-68.3,35.26,75,90,21.85
33,Kungurtug,RU,2021-10-26 09:40:00,50.5994,97.5228,40.42,47,7,1.36
34,Caravelas,BR,2021-10-26 09:40:00,-17.7125,-39.2481,77.22,87,89,6.42
35,Kodiak,US,2021-10-26 09:40:01,57.79,-152.4072,39.38,88,100,10.67
36,Saskylakh,RU,2021-10-26 09:40:02,71.9167,114.0833,4.24,96,100,2.35
37,Carballo,ES,2021-10-26 09:40:02,43.213,-8.691,63.91,75,44,1.74
38,Gambela,ET,2021-10-26 09:40:03,8.25,34.5833,93.96,40,77,2.73
39,Puri,IN,2021-10-26 09:40:04,19.8,85.85,88.32,67,30,10.07
40,Lethem,GY,2021-10-26 09:40:04,3.3803,-59.7968,74.64,93,100,7.74
41,Charlestown,AU,2021-10-26 09:40:05,-32.95,151.6667,65.73,74,9,1.01
42,Souillac,MU,2021-10-26 09:40:05,-20.5167,57.5167,79.36,65,75,16.11
43,Rawson,AR,2021-10-26 09:40:06,-43.3002,-65.1023,61.84,35,88,24.32
44,Khatanga,RU,2021-10-26 09:40:06,71.9667,102.5,3.74,97,100,3.04
45,Iqaluit,CA,2021-10-26 09:40:07,63.7506,-68.5145,31.73,86,90,10.0
46,Ambon,ID,2021-10-26 09:40:07,-3.6954,128.1814,84.34,79,40,4.61
47,Tutoia,BR,2021-10-26 09:40:07,-2.7619,-42.2744,80.87,69,49,15.05
48,Villablino,ES,2021-10-26 09:40:08,42.9393,-6.3194,57.25,99,99,1.99
49,Mar Del Plata,AR,2021-10-26 09:40:08,-38.0023,-57.5575,56.08,88,0,5.01
50,Busselton,AU,2021-10-26 09:40:09,-33.65,115.3333,52.05,70,59,6.38
51,Ludvika,SE,2021-10-26 09:40:09,60.1496,15.1878,50.34,75,100,10.8
52,Ilulissat,GL,2021-10-26 09:40:09,69.2167,-51.1,10.42,61,11,2.3
53,Smithers,CA,2021-10-26 09:40:10,54.7804,-127.1743,39.52,100,90,3.44
54,Kindu,CD,2021-10-26 09:40:10,-2.95,25.95,91.4,46,95,2.73
55,East London,ZA,2021-10-26 09:40:11,-33.0153,27.9116,68.94,77,75,16.11
56,Dikson,RU,2021-10-26 09:40:11,73.5069,80.5464,13.53,85,100,10.83
57,Gawler,AU,2021-10-26 09:40:12,-34.6,138.7333,74.71,21,27,9.13
58,Hermanus,ZA,2021-10-26 09:40:12,-34.4187,19.2345,74.8,50,100,14.32
59,Klaksvik,FO,2021-10-26 09:40:12,62.2266,-6.589,45.52,83,100,19.77
60,Kapaa,US,2021-10-26 09:40:13,22.0752,-159.319,73.72,88,75,12.66
61,Barrow,US,2021-10-26 09:40:13,71.2906,-156.7887,23.02,86,90,6.91
62,Ahipara,NZ,2021-10-26 09:40:13,-35.1667,173.1667,60.19,94,100,4.34
63,Dingle,PH,2021-10-26 09:40:14,10.9995,122.6711,78.31,88,95,6.26
64,Paslek,PL,2021-10-26 09:40:14,54.0616,19.6593,49.53,59,94,12.97
65,Makakilo City,US,2021-10-26 09:40:14,21.3469,-158.0858,74.68,71,1,0.0
66,Faanui,PF,2021-10-26 09:40:15,-16.4833,-151.75,76.51,79,100,4.27
67,Acapulco,MX,2021-10-26 09:36:27,16.8634,-99.8901,76.46,88,100,4.23
68,Safaga,EG,2021-10-26 09:40:15,26.7292,33.9365,82.9,47,0,13.49
69,Ponta Do Sol,PT,2021-10-26 09:40:16,32.6667,-17.1,74.12,56,11,3.67
70,Albany,US,2021-10-26 09:39:59,42.6001,-73.9662,51.75,95,100,3.96
71,Ordzhonikidze,KZ,2021-10-26 09:40:16,52.4411,61.7408,37.11,41,36,10.42
72,Hobart,AU,2021-10-26 09:40:16,-42.8794,147.3294,51.66,79,0,1.01
73,Faya,SA,2021-10-26 09:40:17,18.3851,42.4509,75.72,32,5,4.45
74,Aurdal,NO,2021-10-26 09:40:17,60.9242,9.4159,42.12,80,91,3.65
75,Salinopolis,BR,2021-10-26 09:40:17,-0.6136,-47.3561,82.26,73,41,13.73
76,Evans,US,2021-10-26 09:38:51,33.5337,-82.1307,62.8,77,20,1.99
77,Ahmadpur East,PK,2021-10-26 09:40:18,29.1431,71.2598,90.28,19,0,9.13
78,Vaxjo,SE,2021-10-26 09:40:18,56.8777,14.8091,49.71,100,90,6.91
79,Bethel,US,2021-10-26 09:40:19,41.3712,-73.414,60.48,93,90,1.99
80,Port Alfred,ZA,2021-10-26 09:40:19,-33.5906,26.891,70.81,71,98,22.03
81,Boende,CD,2021-10-26 09:40:19,-0.2167,20.8667,72.01,98,100,3.29
82,Zwedru,LR,2021-10-26 09:40:19,6.0667,-8.1281,71.89,95,100,1.81
83,Cape Town,ZA,2021-10-26 09:36:29,-33.9258,18.4232,77.11,44,0,17.27
84,Nikolskoye,RU,2021-10-26 09:40:20,59.7035,30.7861,45.88,79,100,7.94
85,Tuktoyaktuk,CA,2021-10-26 09:40:20,69.4541,-133.0374,27.55,96,100,5.95
86,Cidreira,BR,2021-10-26 09:40:21,-30.1811,-50.2056,65.39,70,0,5.91
87,Princeton,US,2021-10-26 09:40:21,25.5384,-80.4089,78.03,96,1,4.61
88,Bubaque,GW,2021-10-26 09:40:21,11.2833,-15.8333,82.04,73,100,11.25
89,Port Hardy,CA,2021-10-26 09:40:22,50.6996,-127.4199,50.0,87,75,6.91
90,Talnakh,RU,2021-10-26 09:40:22,69.4865,88.3972,9.66,97,96,5.95
91,Hukuntsi,BW,2021-10-26 09:40:22,-24.0,21.75,92.26,12,0,9.98
92,Bambous Virieux,MU,2021-10-26 09:40:23,-20.3428,57.7575,79.21,65,75,16.11
93,Carai,BR,2021-10-26 09:40:23,-17.1889,-41.6947,67.1,98,100,3.76
94,Kavieng,PG,2021-10-26 09:40:23,-2.5744,150.7967,82.26,74,100,7.05
95,Mankachar,IN,2021-10-26 09:40:24,25.5333,89.8667,82.27,68,7,4.7
96,Paamiut,GL,2021-10-26 09:40:24,61.994,-49.6678,36.01,52,4,6.82
97,Biak,ID,2021-10-26 09:40:24,-0.9131,122.8766,80.29,78,29,4.88
98,Codrington,AU,2021-10-26 09:40:25,-38.2667,141.9667,53.62,77,88,9.28
99,Port Lincoln,AU,2021-10-26 09:40:25,-34.7333,135.8667,67.23,53,1,16.96
100,Puerto Escondido,MX,2021-10-26 09:40:26,15.85,-97.0667,78.4,85,62,4.16
101,Provideniya,RU,2021-10-26 09:40:27,64.3833,-173.3,13.73,84,44,5.7
102,Karratha,AU,2021-10-26 09:40:27,-20.7377,116.8463,84.22,35,0,19.42
103,Port Elizabeth,ZA,2021-10-26 09:40:28,-33.918,25.5701,75.09,73,40,17.27
104,Quepos,CR,2021-10-26 09:40:28,9.4236,-84.1652,80.53,87,94,2.95
105,Camacupa,AO,2021-10-26 09:40:28,-12.0167,17.4833,79.83,46,97,1.66
106,Save,BJ,2021-10-26 09:40:29,8.0425,2.486,84.74,66,100,5.14
107,Lanzhou,CN,2021-10-26 09:40:29,36.0564,103.7922,45.68,48,100,6.2
108,Cabo San Lucas,MX,2021-10-26 09:40:30,22.8909,-109.9124,70.14,82,4,13.8
109,Mataura,NZ,2021-10-26 09:40:30,-46.1927,168.8643,52.81,99,100,3.04
110,Cody,US,2021-10-26 09:40:30,44.5263,-109.0565,44.64,89,90,12.66
111,Puerto Rico,AR,2021-10-26 09:40:30,-26.796,-55.024,61.34,77,0,1.12
112,Saint George,US,2021-10-26 09:40:31,37.1041,-113.5841,52.27,86,90,1.99
113,Sal Rei,CV,2021-10-26 09:40:31,16.1833,-22.9167,79.0,78,75,13.8
114,Nantucket,US,2021-10-26 09:36:02,41.2835,-70.0995,66.31,89,1,17.27
115,Manakara,MG,2021-10-26 09:40:32,-22.1333,48.0167,82.78,57,73,12.73
116,Los Llanos De Aridane,ES,2021-10-26 09:40:32,28.6585,-17.9182,68.13,67,20,13.8
117,Sao Pedro Do Piaui,BR,2021-10-26 09:40:32,-5.9294,-42.7186,77.45,71,77,4.59
118,Bira,RU,2021-10-26 09:40:33,49.0,132.4667,43.83,78,75,2.19
119,Pacific Grove,US,2021-10-26 09:40:33,36.6177,-121.9166,52.57,91,0,1.01
120,Butaritari,KI,2021-10-26 09:40:34,3.0707,172.7902,82.67,75,25,16.33
121,Beloha,MG,2021-10-26 09:40:34,-25.1667,45.05,101.34,20,41,6.8
122,Xuddur,SO,2021-10-26 09:40:34,4.1213,43.8894,89.96,38,37,6.44
123,Saldanha,ZA,2021-10-26 09:40:35,-33.0117,17.9442,86.05,52,98,9.84
124,Blagoyevo,RU,2021-10-26 09:40:35,63.3667,47.9167,30.52,70,97,6.31
125,Grove City,US,2021-10-26 09:38:17,39.8815,-83.093,48.31,92,90,3.0
126,Agirish,RU,2021-10-26 09:40:36,61.9247,63.0231,27.86,55,50,8.59
127,Peddapuram,IN,2021-10-26 09:40:36,17.0833,82.1333,93.29,58,12,2.66
128,Alofi,NU,2021-10-26 09:40:37,-19.0595,-169.9187,69.69,88,6,3.44
129,Erbaa,TR,2021-10-26 09:40:37,40.6689,36.5675,57.29,54,26,2.68
130,Hamilton,US,2021-10-26 09:40:06,39.1834,-84.5333,49.44,82,90,5.01
131,Neftcala,AZ,2021-10-26 09:40:38,39.3742,49.2472,51.94,70,100,13.71
132,Am Timan,TD,2021-10-26 09:40:38,11.0297,20.2827,95.09,34,60,2.8
133,Dubuque,US,2021-10-26 09:38:09,42.4833,-90.8668,38.55,80,1,9.22
134,Mount Isa,AU,2021-10-26 09:40:39,-20.7333,139.5,91.17,22,53,5.75
135,Castro,BR,2021-10-26 09:40:39,-24.7911,-50.0119,57.54,93,89,3.0
136,Reading,GB,2021-10-26 09:40:40,51.4562,-0.9711,56.25,92,90,1.99
137,Grindavik,IS,2021-10-26 09:40:40,63.8424,-22.4338,40.95,81,0,23.02
138,Xuzhou,CN,2021-10-26 09:40:40,34.1805,117.1571,65.08,53,100,0.63
139,Avarua,CK,2021-10-26 09:40:41,-21.2078,-159.775,71.65,68,92,4.61
140,Belaya Gora,RU,2021-10-26 09:40:41,68.5333,146.4167,-7.2,100,73,2.53
141,Kaitangata,NZ,2021-10-26 09:40:41,-46.2817,169.8464,51.06,97,99,1.21
142,Tuatapere,NZ,2021-10-26 09:40:42,-46.1333,167.6833,53.24,97,99,0.43
143,Borovichi,RU,2021-10-26 09:40:43,58.3878,33.9155,41.0,76,99,9.46
144,Tiksi,RU,2021-10-26 09:40:43,71.6872,128.8694,8.51,95,100,2.95
145,Neos Marmaras,GR,2021-10-26 09:40:43,40.1,23.7833,59.4,53,1,9.51
146,Palaia Fokaia,GR,2021-10-26 09:40:44,37.72,23.9463,65.97,60,35,25.37
147,Katsuura,JP,2021-10-26 09:40:44,35.1333,140.3,64.51,78,2,8.88
148,San Patricio,US,2021-10-26 09:40:44,28.017,-97.5169,80.89,92,98,7.76
149,Abonnema,NG,2021-10-26 09:40:45,4.7084,6.7931,80.69,74,100,4.9
150,Arraial Do Cabo,BR,2021-10-26 09:40:45,-22.9661,-42.0278,69.66,88,75,5.75
151,Henties Bay,NA,2021-10-26 09:40:45,-22.116,14.2845,62.85,64,4,7.31
152,Olafsvik,IS,2021-10-26 09:40:46,64.8945,-23.7142,39.09,76,93,20.76
153,Shihezi,CN,2021-10-26 09:40:46,44.3,86.0333,54.32,24,0,5.95
154,Honiara,SB,2021-10-26 09:37:27,-9.4333,159.95,79.02,87,100,6.89
155,Zhigansk,RU,2021-10-26 09:40:47,66.7697,123.3711,25.0,97,100,9.51
156,Shitanjing,CN,2021-10-26 09:40:47,39.2342,106.3439,48.74,28,81,4.18
157,Berck,FR,2021-10-26 09:40:48,50.4,1.6,58.98,77,75,6.91
158,Bengkulu,ID,2021-10-26 09:40:48,-3.8004,102.2655,81.34,77,100,3.53
159,Praia,CV,2021-10-26 09:40:48,14.9215,-23.5087,77.54,83,20,17.27
160,Japura,ID,2021-10-26 09:40:49,-0.3167,102.35,82.08,86,100,1.83
161,Mankono,CI,2021-10-26 09:40:49,8.0586,-6.1897,80.11,74,43,5.79
162,Thompson,CA,2021-10-26 09:39:37,55.7435,-97.8558,35.76,80,75,5.75
163,Dinan,FR,2021-10-26 09:40:50,48.4167,-2.25,58.46,16,80,13.06
164,Thunder Bay,CA,2021-10-26 09:38:39,48.4001,-89.3168,37.56,93,40,2.3
165,Pevek,RU,2021-10-26 09:40:50,69.7008,170.3133,6.82,95,100,5.53
166,Lipari,IT,2021-10-26 09:40:51,38.4674,14.954,67.73,83,100,21.5
167,Shelburne,CA,2021-10-26 09:40:51,44.0787,-80.2041,39.18,99,100,14.38
168,Garowe,SO,2021-10-26 09:40:51,8.4054,48.4845,89.1,35,29,4.16
169,Fukue,JP,2021-10-26 09:40:52,32.6881,128.8419,62.96,72,75,2.3
170,Asau,RO,2021-10-26 09:40:52,46.4333,26.4,47.75,30,2,5.5
171,Port Blair,IN,2021-10-26 09:40:52,11.6667,92.75,83.3,74,29,8.68
172,Rio Grande,BR,2021-10-26 09:40:53,-32.035,-52.0986,59.95,79,0,5.97
173,Geraldton,AU,2021-10-26 09:40:53,-28.7667,114.6,63.01,63,40,12.66
174,George,ZA,2021-10-26 09:40:53,-33.963,22.4617,67.55,60,0,4.61
175,Vestmannaeyjar,IS,2021-10-26 09:40:54,63.4427,-20.2734,43.79,81,75,34.52
176,Genhe,CN,2021-10-26 09:40:54,50.7833,121.5167,31.73,79,73,4.41
177,Anakapalle,IN,2021-10-26 09:40:54,17.6833,83.0167,89.55,57,6,7.72
178,Lebu,CL,2021-10-26 09:40:55,-37.6167,-73.65,52.09,94,24,14.56
179,San Cristobal,VE,2021-10-26 09:40:55,7.7669,-72.225,64.2,96,50,1.39
180,Wasilla,US,2021-10-26 09:40:55,61.5814,-149.4394,36.75,72,1,3.0
181,Naze,JP,2021-10-26 09:40:56,28.3667,129.4833,67.12,66,0,10.45
182,Sao Joao Da Barra,BR,2021-10-26 09:40:56,-21.6403,-41.0511,69.89,93,100,6.11
183,Peniche,PT,2021-10-26 09:39:41,39.3558,-9.3811,68.61,64,1,10.07
184,Tura,IN,2021-10-26 09:40:56,25.5198,90.2201,76.69,80,31,2.77
185,Guerrero Negro,MX,2021-10-26 09:40:57,27.9769,-114.0611,68.04,69,100,13.98
186,Sobolevo,RU,2021-10-26 09:40:57,54.4299,31.8996,43.11,51,100,15.21
187,Hithadhoo,MV,2021-10-26 09:40:58,-0.6,73.0833,83.3,73,100,18.16
188,Saint-Philippe,RE,2021-10-26 09:40:58,-21.3585,55.7679,83.79,77,34,14.05
189,Komsomolskiy,UZ,2021-10-26 09:40:58,40.4272,71.7189,66.92,19,98,4.61
190,Rocha,UY,2021-10-26 09:40:59,-34.4833,-54.3333,57.13,76,0,6.33
191,Kavaratti,IN,2021-10-26 09:40:59,10.5669,72.642,81.37,77,99,14.7
192,Oranjemund,NA,2021-10-26 09:41:00,-28.55,16.4333,70.12,56,0,11.3
193,Verkhoyansk,RU,2021-10-26 09:41:00,67.5447,133.385,-0.45,99,90,0.89
194,Rapid Valley,US,2021-10-26 09:41:00,44.0625,-103.1463,61.86,82,1,5.01
195,Fria,GN,2021-10-26 09:41:01,10.4167,-13.5833,72.21,91,99,1.57
196,Fort Nelson,CA,2021-10-26 09:41:01,58.8053,-122.7002,29.79,100,90,2.3
197,Hay River,CA,2021-10-26 09:38:47,60.8156,-115.7999,37.38,93,90,4.61
198,Laguna,US,2021-10-26 09:41:02,38.421,-121.4238,55.29,91,1,1.99
199,Tasiilaq,GL,2021-10-26 09:41:03,65.6145,-37.6368,37.56,85,100,3.4
200,Lagoa,PT,2021-10-26 09:41:03,39.05,-27.9833,68.85,83,84,20.29
201,Ilhabela,BR,2021-10-26 09:41:04,-23.7781,-45.3581,68.47,89,99,0.34
202,Abbeville,FR,2021-10-26 09:41:04,50.1,1.8333,58.96,82,98,14.03
203,Bambanglipuro,ID,2021-10-26 09:41:04,-7.95,110.2833,80.22,70,100,10.78
204,Coahuayana,MX,2021-10-26 09:41:05,18.7333,-103.6833,73.26,90,100,4.12
205,Berdigestyakh,RU,2021-10-26 09:41:05,62.0989,126.6992,29.35,94,98,2.51
206,Tsabong,BW,2021-10-26 09:41:05,-26.0217,22.401,86.63,25,0,12.39
207,Garden City,US,2021-10-26 09:41:06,42.3256,-83.331,46.85,87,90,1.01
208,Najran,SA,2021-10-26 09:41:06,17.4924,44.1277,83.05,8,7,9.62
209,Ribeira Grande,PT,2021-10-26 09:41:06,38.5167,-28.7,68.4,94,75,10.36
210,Acopiara,BR,2021-10-26 09:41:07,-6.0953,-39.4525,77.74,59,3,7.76
211,Manokwari,ID,2021-10-26 09:40:31,-0.8667,134.0833,81.32,80,26,6.76
212,Plettenberg Bay,ZA,2021-10-26 09:41:07,-34.0527,23.3716,68.83,67,100,15.95
213,Little Current,CA,2021-10-26 09:41:08,45.9793,-81.9248,39.29,78,66,18.77
214,Norman Wells,CA,2021-10-26 09:41:08,65.282,-126.8329,23.04,93,75,3.44
215,Aitape,PG,2021-10-26 09:41:08,-3.1374,142.3475,80.44,81,77,5.03
216,Oakdale,US,2021-10-26 09:38:31,44.963,-92.9649,42.62,81,1,8.05
217,Nanortalik,GL,2021-10-26 09:41:09,60.1432,-45.2371,34.48,64,83,8.99
218,Haines Junction,CA,2021-10-26 09:41:09,60.7522,-137.5108,29.82,81,100,2.01
219,Novoanninskiy,RU,2021-10-26 09:41:10,50.5287,42.6747,43.39,37,14,8.12
220,Maldonado,UY,2021-10-26 09:41:10,-34.6667,-54.9167,60.22,75,1,5.97
221,Sisimiut,GL,2021-10-26 09:41:10,66.9395,-53.6735,17.83,64,0,11.1
222,Quatre Cocos,MU,2021-10-26 09:41:11,-20.2078,57.7625,79.09,68,9,15.86
223,Morogoro,TZ,2021-10-26 09:41:11,-6.8167,37.6667,92.32,32,21,6.02
224,Ambilobe,MG,2021-10-26 09:41:11,-13.2,49.05,97.68,23,26,7.11
225,Stephenville,US,2021-10-26 09:41:12,32.2207,-98.2023,71.92,94,1,8.05
226,Esperance,AU,2021-10-26 09:40:12,-33.8667,121.9,55.24,83,100,14.03
227,Nanchang,CN,2021-10-26 09:37:11,28.6833,115.8833,68.34,61,64,5.08
228,Hofn,IS,2021-10-26 09:41:12,64.2539,-15.2082,42.39,82,100,15.57
229,Bulalacao,PH,2021-10-26 09:41:13,12.3254,121.3435,81.66,81,94,12.17
230,Padang,ID,2021-10-26 09:38:51,-0.9492,100.3543,80.67,86,88,3.71
231,Aripuana,BR,2021-10-26 09:41:13,-9.1667,-60.6333,71.55,99,100,1.74
232,Nisia Floresta,BR,2021-10-26 09:39:34,-6.0911,-35.2086,75.58,62,43,13.8
233,Belle Fourche,US,2021-10-26 09:36:30,44.6714,-103.8522,67.55,47,99,5.88
234,Lubao,PH,2021-10-26 09:41:14,14.9167,120.55,86.07,76,100,6.51
235,Gat,IL,2021-10-26 09:41:14,31.61,34.7642,82.4,43,0,8.3
236,Carauari,BR,2021-10-26 09:41:15,-4.8828,-66.8958,73.24,99,100,3.33
237,Hwange,ZW,2021-10-26 09:41:15,-18.3693,26.5019,93.87,26,90,12.5
238,Morant Bay,JM,2021-10-26 09:41:15,17.8815,-76.4093,78.42,83,62,6.82
239,San Pedro,PH,2021-10-26 09:41:16,14.35,121.0167,85.23,71,75,5.75
240,Morondava,MG,2021-10-26 09:41:17,-20.2833,44.2833,83.5,60,0,11.18
241,Dunedin,NZ,2021-10-26 09:39:09,-45.8742,170.5036,53.8,89,100,0.69
242,Saint-Joseph,RE,2021-10-26 09:41:17,-21.3667,55.6167,82.78,77,35,11.9
243,Zapolyarnyy,RU,2021-10-26 09:41:18,69.4154,30.8136,27.68,95,100,21.9
244,Mapiripan,CO,2021-10-26 09:41:18,2.8892,-72.1256,72.59,98,97,2.98
245,Marietta,US,2021-10-26 09:39:02,33.9526,-84.5499,54.88,78,90,16.11
246,Te Anau,NZ,2021-10-26 09:41:18,-45.4167,167.7167,50.95,96,100,1.43
247,Omsukchan,RU,2021-10-26 09:41:19,62.5333,155.8,-2.38,100,51,2.17
248,Avera,US,2021-10-26 09:41:19,33.194,-82.5271,63.28,82,3,12.26
249,Honolulu,US,2021-10-26 09:39:34,21.3069,-157.8583,75.96,73,20,12.66
250,Egvekinot,RU,2021-10-26 09:41:20,66.3167,-179.1667,-2.42,90,60,4.9
251,Aswan,EG,2021-10-26 09:41:20,24.0934,32.907,89.82,23,0,6.55
252,Mahajanga,MG,2021-10-26 09:41:20,-15.7167,46.3167,96.82,32,20,8.05
253,Ostrovnoy,RU,2021-10-26 09:41:21,68.0531,39.5131,29.07,81,100,6.58
254,Sergeyevka,KZ,2021-10-26 09:41:21,53.88,67.4158,36.72,41,30,16.15
255,Grand-Santi,GF,2021-10-26 09:41:21,4.25,-54.3833,72.66,100,100,0.78
256,Linxia,CN,2021-10-26 09:41:22,35.6003,103.2064,41.05,86,100,2.64
257,Port Macquarie,AU,2021-10-26 09:41:22,-31.4333,152.9167,66.16,68,76,6.85
258,Anadyr,RU,2021-10-26 09:41:22,64.75,177.4833,-3.5,84,0,4.47
259,Vrbove,SK,2021-10-26 09:41:23,48.6197,17.7226,52.93,57,0,6.91
260,Muros,ES,2021-10-26 09:41:23,42.7762,-9.0603,65.98,90,21,1.99
261,Adeje,ES,2021-10-26 09:41:24,28.1227,-16.726,74.52,55,20,19.57
262,Broome,US,2021-10-26 09:41:24,42.2506,-75.833,59.85,88,90,1.01
263,Georgetown,MY,2021-10-26 09:41:24,5.4112,100.3354,85.98,79,40,8.01
264,Monte Alegre,BR,2021-10-26 09:41:25,-2.0078,-54.0692,75.9,87,13,4.14
265,Pekalongan,ID,2021-10-26 09:38:23,-6.8886,109.6753,82.0,72,97,0.98
266,Altay,CN,2021-10-26 09:41:25,47.8667,88.1167,49.35,35,4,3.04
267,Sao Gabriel Da Cachoeira,BR,2021-10-26 09:41:26,-0.1303,-67.0892,71.8,99,99,1.88
268,Cap Malheureux,MU,2021-10-26 09:41:26,-19.9842,57.6142,79.47,65,2,7.0
269,Itamaraca,BR,2021-10-26 09:41:27,-7.7478,-34.8256,80.65,64,56,8.88
270,Gunzburg,DE,2021-10-26 09:41:27,48.45,10.2667,55.0,78,93,6.8
271,Pyapon,MM,2021-10-26 09:41:28,16.2833,95.6833,84.0,78,11,4.99
272,San Benedetto Del Tronto,IT,2021-10-26 09:41:28,42.9456,13.8816,64.9,74,100,5.08
273,Portland,US,2021-10-26 09:39:08,45.5234,-122.6762,52.36,92,90,1.99
274,Jonava,LT,2021-10-26 09:41:29,55.0833,24.2833,45.73,72,0,3.0
275,Baracoa,CU,2021-10-26 09:41:29,20.3467,-74.4958,76.62,87,59,3.78
276,Chuy,UY,2021-10-26 09:41:29,-33.6971,-53.4616,60.89,73,1,5.46
277,Kichera,RU,2021-10-26 09:41:30,55.9375,110.0997,36.54,91,94,4.76
278,Fairbanks,US,2021-10-26 09:40:02,64.8378,-147.7164,29.1,92,90,0.0
279,Coquimbo,CL,2021-10-26 09:41:31,-29.9533,-71.3436,56.93,88,90,2.3
280,Bluff,NZ,2021-10-26 09:41:31,-46.6,168.3333,51.71,92,99,6.55
281,Sola,VU,2021-10-26 09:41:31,-13.8833,167.55,83.07,84,75,0.0
282,Benghazi,LY,2021-10-26 09:41:32,32.1167,20.0667,77.2,47,0,5.1
283,Pathein,MM,2021-10-26 09:41:32,16.7833,94.7333,83.88,80,47,3.94
284,Catalina,US,2021-10-26 09:41:32,32.5056,-110.9211,67.86,60,0,1.99
285,Jining,CN,2021-10-26 09:38:50,35.405,116.5814,62.22,57,100,3.56
286,Marystown,CA,2021-10-26 09:41:33,47.1666,-55.1483,44.85,100,91,1.99
287,Tougan,BF,2021-10-26 09:41:33,13.0667,-3.0667,93.56,28,14,4.27
288,Kilkenny,IE,2021-10-26 09:41:34,52.6542,-7.2522,59.38,89,96,10.0
289,Tema,GH,2021-10-26 09:41:34,5.667,-0.0166,81.01,78,20,11.5
290,Kaeo,NZ,2021-10-26 09:41:34,-35.1,173.7833,63.32,92,99,3.69
291,Inirida,CO,2021-10-26 09:41:35,3.8653,-67.9239,72.52,99,100,2.06
292,Goderich,CA,2021-10-26 09:41:35,43.7501,-81.7165,45.91,81,99,13.8
293,Poum,NC,2021-10-26 09:41:35,-20.2333,164.0167,75.02,72,86,7.56
294,Abomsa,ET,2021-10-26 09:41:36,9.9833,39.9833,87.13,20,98,12.88
295,Husavik,IS,2021-10-26 09:41:36,66.0449,-17.3389,22.91,77,30,8.14
296,Umm Kaddadah,SD,2021-10-26 09:41:37,13.6017,26.6876,90.16,16,34,10.83
297,Yulara,AU,2021-10-26 09:41:37,-25.2406,130.9889,96.64,16,50,13.8
298,Mabaruma,GY,2021-10-26 09:41:37,8.2,-59.7833,71.92,100,98,2.66
299,Amalapuram,IN,2021-10-26 09:41:38,16.5833,82.0167,93.58,65,72,4.0
300,Besikduzu,TR,2021-10-26 09:41:38,41.052,39.2284,58.89,65,13,6.87
301,Malangali,TZ,2021-10-26 09:41:38,-8.5667,34.85,88.97,21,12,11.99
302,Sesheke,ZM,2021-10-26 09:41:39,-17.4759,24.2968,94.26,22,63,13.04
303,Placerville,US,2021-10-26 09:41:40,38.7296,-120.7986,48.54,94,73,3.78
304,Buckeye,US,2021-10-26 09:41:40,33.3703,-112.5838,72.84,51,44,12.55
305,Berlevag,NO,2021-10-26 09:41:41,70.8578,29.0864,31.95,93,75,33.38
306,Woensdrecht,NL,2021-10-26 09:41:41,51.4163,4.337,54.91,87,75,4.0
307,Shatsk,RU,2021-10-26 09:41:42,54.0258,41.7119,41.99,50,91,15.32
308,Tiznit,MA,2021-10-26 09:41:42,29.5833,-9.5,66.25,54,0,4.27
309,Torbay,CA,2021-10-26 09:41:42,47.6666,-52.7314,41.27,81,90,11.5
310,Mogadishu,SO,2021-10-26 09:41:43,2.0371,45.3438,85.87,84,75,8.05
311,Yakeshi,CN,2021-10-26 09:41:43,49.2833,120.7333,35.98,63,32,9.37
312,Baykit,RU,2021-10-26 09:41:44,61.67,96.37,20.75,93,85,2.01
313,Soligalich,RU,2021-10-26 09:41:44,59.0778,42.2864,37.29,93,100,8.97
314,Isangel,VU,2021-10-26 09:41:45,-19.55,169.2667,75.31,88,12,4.61
315,Grand Gaube,MU,2021-10-26 09:41:45,-20.0064,57.6608,79.38,65,3,7.0
316,Kadugannawa,LK,2021-10-26 09:41:45,7.2547,80.5242,76.42,83,78,3.47
317,Vorukh,TJ,2021-10-26 09:41:46,39.8494,70.5838,56.25,29,69,5.75
318,Tocache,PE,2021-10-26 09:41:46,-8.1842,-76.5125,68.45,99,100,0.83
319,Jocon,HN,2021-10-26 09:41:47,15.2833,-86.9667,62.98,96,77,3.18
320,Usinsk,RU,2021-10-26 09:41:47,65.9939,57.5281,21.96,90,81,12.5
321,Bredasdorp,ZA,2021-10-26 09:41:47,-34.5322,20.0403,74.28,60,20,23.02
322,Yerbogachen,RU,2021-10-26 09:41:48,61.2767,108.0108,23.14,84,36,7.2
323,Vuktyl,RU,2021-10-26 09:41:48,63.8567,57.3094,26.56,67,32,7.31
324,Jackson,US,2021-10-26 09:41:48,42.4165,-122.8345,48.07,92,90,0.0
325,Praia Da Vitoria,PT,2021-10-26 09:41:49,38.7333,-27.0667,70.75,88,40,22.44
326,Buin,CL,2021-10-26 09:41:49,-33.7333,-70.75,64.74,63,11,1.23
327,Saint-Pierre,RE,2021-10-26 09:41:49,-21.3393,55.4781,83.88,52,75,9.22
328,Wajir,KE,2021-10-26 09:41:50,1.7471,40.0573,87.76,51,75,1.14
329,Tabas,IR,2021-10-26 09:41:50,33.5959,56.9244,75.22,14,0,2.55
330,Srednekolymsk,RU,2021-10-26 09:41:51,67.45,153.6833,-7.17,98,76,1.81
331,Trairi,BR,2021-10-26 09:40:55,-3.2778,-39.2689,80.49,66,94,14.16
332,Rio De Janeiro,BR,2021-10-26 09:39:42,-22.9028,-43.2075,68.0,88,75,4.61
333,Natchez,US,2021-10-26 09:37:19,31.5604,-91.4032,61.02,85,1,3.44
334,Araouane,ML,2021-10-26 09:41:52,18.9048,-3.5265,95.52,13,47,13.53
335,Ulaangom,MN,2021-10-26 09:41:52,49.9811,92.0667,42.33,54,13,5.32
336,Paragominas,BR,2021-10-26 09:41:52,-2.9667,-47.4833,74.21,93,51,4.7
337,North Bend,US,2021-10-26 09:41:53,43.4065,-124.2243,54.07,97,90,6.91
338,Eureka,US,2021-10-26 09:41:53,40.8021,-124.1637,53.92,75,98,5.01
339,Changli,CN,2021-10-26 09:41:54,39.7042,119.1506,58.71,36,0,5.32
340,Kurchum,KZ,2021-10-26 09:41:55,48.5722,83.6542,58.53,27,7,12.8
341,Cabcaben,PH,2021-10-26 09:41:55,14.454,120.5914,86.09,78,99,11.63
342,Touros,BR,2021-10-26 09:41:56,-5.1989,-35.4608,74.3,66,42,16.06
343,Naron,ES,2021-10-26 09:41:56,43.5167,-8.1528,66.04,58,53,1.39
344,Matagami,CA,2021-10-26 09:41:57,49.7502,-77.6328,35.71,93,90,5.75
345,Ladario,BR,2021-10-26 09:41:57,-19.0047,-57.6017,72.41,50,100,1.95
346,Sibenik,HR,2021-10-26 09:39:19,43.7272,15.9058,63.37,32,100,2.39
347,Saint-Augustin,CA,2021-10-26 09:41:58,51.226,-58.6502,34.11,79,3,7.49
348,Ati,TD,2021-10-26 09:41:58,13.2154,18.3353,97.47,17,95,10.04
349,Maniitsoq,GL,2021-10-26 09:41:58,65.4167,-52.9,30.83,46,0,6.91
350,Lagos,NG,2021-10-26 09:41:19,6.5833,3.75,85.77,70,100,4.83
351,Alyangula,AU,2021-10-26 09:41:59,-13.8483,136.4192,85.87,70,40,8.05
352,Vaitape,PF,2021-10-26 09:41:59,-16.5167,-151.75,76.5,79,100,4.32
353,Chokurdakh,RU,2021-10-26 09:42:00,70.6333,147.9167,-22.2,100,30,3.11
354,Cockburn Town,TC,2021-10-26 09:42:00,21.4612,-71.1419,82.98,74,100,12.46
355,Nouadhibou,MR,2021-10-26 09:42:00,20.931,-17.0347,69.78,78,78,16.11
356,Paso De Los Toros,UY,2021-10-26 09:42:01,-32.8167,-56.5167,59.43,73,0,7.76
357,Clyde River,CA,2021-10-26 09:42:01,70.4692,-68.5914,20.68,84,19,8.16
358,Bealanana,MG,2021-10-26 09:42:02,-14.55,48.7333,82.87,30,6,11.27
359,Zuenoula,CI,2021-10-26 09:42:03,7.4292,-6.0431,81.45,72,56,5.77
360,Porto Novo,BJ,2021-10-26 09:42:03,6.4965,2.6036,80.42,66,100,5.06
361,Riyadh,SA,2021-10-26 09:38:15,24.6877,46.7219,86.14,13,0,10.42
362,Petropavlovsk-Kamchatskiy,RU,2021-10-26 09:42:04,53.0452,158.6483,41.59,75,75,2.24
363,Khorinsk,RU,2021-10-26 09:42:04,52.1657,109.7726,37.63,69,68,6.6
364,Flin Flon,CA,2021-10-26 09:42:04,54.7682,-101.865,42.33,69,100,12.24
365,Kanniyakumari,IN,2021-10-26 09:42:05,8.0833,77.5667,82.31,73,100,5.14
366,Ukmerge,LT,2021-10-26 09:42:05,55.25,24.75,45.68,60,100,12.19
367,Kieta,PG,2021-10-26 09:42:05,-6.2167,155.6333,76.86,92,100,3.13
368,Antalaha,MG,2021-10-26 09:42:06,-14.9003,50.2788,81.27,59,4,13.67
369,Rawalpindi,PK,2021-10-26 09:42:07,33.6007,73.0679,75.24,49,47,4.52
370,Montepuez,MZ,2021-10-26 09:42:07,-13.1256,38.9997,85.17,46,95,8.57
371,Sumbe,AO,2021-10-26 09:42:08,-11.2061,13.8437,75.2,70,90,0.0
372,Mandera,KE,2021-10-26 09:42:08,3.9366,41.867,92.86,39,27,5.75
373,Svay Rieng,KH,2021-10-26 09:42:08,11.0879,105.7993,84.6,69,99,6.64
374,Ipojuca,BR,2021-10-26 09:42:09,-8.3989,-35.0639,80.51,64,80,5.79
375,Kosh-Agach,RU,2021-10-26 09:42:09,50.0,88.6667,38.46,47,38,2.84
376,Kruisfontein,ZA,2021-10-26 09:42:09,-34.0033,24.7314,71.89,54,100,21.05
377,Longyearbyen,SJ,2021-10-26 09:40:59,78.2186,15.6401,17.44,73,20,10.36
378,Mormugao,IN,2021-10-26 09:42:10,15.4,73.8,88.86,55,20,6.91
379,Stromness,GB,2021-10-26 09:42:11,58.965,-3.296,50.25,87,100,18.99
380,Itaituba,BR,2021-10-26 09:42:11,-4.2761,-55.9836,74.28,95,71,1.25
381,Banswara,IN,2021-10-26 09:42:11,23.55,74.45,85.28,40,53,8.77
382,Sinnamary,GF,2021-10-26 09:42:12,5.3833,-52.95,77.99,89,100,8.32
383,Vila Franca Do Campo,PT,2021-10-26 09:42:12,37.7167,-25.4333,68.41,75,40,11.74
384,Lasa,IT,2021-10-26 09:42:13,46.6166,10.7002,49.08,44,17,4.61
385,Bay Roberts,CA,2021-10-26 09:42:13,47.5999,-53.2648,42.03,86,84,1.99
386,Severo-Kurilsk,RU,2021-10-26 09:42:14,50.6789,156.125,44.49,86,16,14.23
387,Ponta Delgada,PT,2021-10-26 09:42:14,37.7333,-25.6667,68.72,73,20,13.8
388,Strezhevoy,RU,2021-10-26 09:42:14,60.7333,77.5889,30.18,98,100,6.62
389,Arlit,NE,2021-10-26 09:42:15,18.7369,7.3853,96.98,7,0,8.01
390,Svetlyy,RU,2021-10-26 09:42:15,54.675,20.1347,46.45,65,93,14.9
391,San Jose,US,2021-10-26 09:39:11,37.3394,-121.895,56.91,89,1,3.44
392,Havelock,US,2021-10-26 09:42:16,34.8791,-76.9013,64.92,95,60,1.01
393,Talcahuano,CL,2021-10-26 09:42:16,-36.7167,-73.1167,51.48,93,0,9.22
394,Troitskoye,RU,2021-10-26 09:42:17,52.9821,84.6757,54.01,42,100,11.72
395,Zhanaozen,KZ,2021-10-26 09:42:17,43.3,52.8,50.56,39,64,12.66
396,Upernavik,GL,2021-10-26 09:42:17,72.7868,-56.1549,14.43,53,26,6.62
397,Ulladulla,AU,2021-10-26 09:42:18,-35.35,150.4667,61.7,74,45,1.12
398,Salimpur,IN,2021-10-26 09:42:18,28.128,76.2766,82.18,29,0,5.61
399,Palana,RU,2021-10-26 09:42:18,59.1167,159.9667,28.67,87,100,9.26
400,Aklavik,CA,2021-10-26 09:42:19,68.2191,-135.0107,25.63,96,100,5.53
401,Chulumani,BO,2021-10-26 09:42:19,-16.4096,-67.5263,55.02,88,2,3.24
402,Svetlogorsk,BY,2021-10-26 09:42:20,52.6333,29.7333,48.65,39,94,14.61
403,Muisne,EC,2021-10-26 09:42:20,0.6,-80.0333,74.68,88,99,4.27
404,Palasa,IN,2021-10-26 09:42:20,18.7667,84.4167,82.8,70,22,9.13
405,Pacifica,US,2021-10-26 09:41:44,37.6138,-122.4869,56.79,91,75,5.99
406,Dahuk,IQ,2021-10-26 09:39:56,36.8695,42.994,72.72,27,100,4.83
407,Jumla,NP,2021-10-26 09:39:04,29.2747,82.1838,56.48,60,27,6.26
408,Labuhan,ID,2021-10-26 09:42:21,-6.8844,112.2051,85.55,67,97,12.08
409,Ancud,CL,2021-10-26 09:42:21,-41.8697,-73.8203,49.42,91,100,10.56
410,Hambantota,LK,2021-10-26 09:42:22,6.1241,81.1185,89.94,70,20,4.61
411,Chicama,PE,2021-10-26 09:42:22,-7.8447,-79.1469,62.37,85,82,4.74
412,Bridgeton,US,2021-10-26 09:38:11,39.4273,-75.2341,62.89,94,90,6.91
413,Airai,TL,2021-10-26 09:42:23,-8.9266,125.4092,67.26,70,62,1.14
414,Gigmoto,PH,2021-10-26 09:42:23,13.7796,124.39,79.74,86,82,6.93
415,Waipawa,NZ,2021-10-26 09:42:23,-41.4122,175.5153,59.63,83,55,6.49
416,Namibe,AO,2021-10-26 09:42:24,-15.1961,12.1522,70.43,68,20,11.5
417,Chernyshevskiy,RU,2021-10-26 09:42:24,63.0128,112.4714,18.73,92,78,5.53
418,Kahului,US,2021-10-26 09:39:09,20.8947,-156.47,75.85,84,1,13.8
419,Grants Pass,US,2021-10-26 09:41:28,42.439,-123.3284,49.51,93,90,0.0
420,Chalmette,US,2021-10-26 09:42:25,29.9427,-89.9634,73.99,72,1,1.99
421,Vadamadurai,IN,2021-10-26 09:42:25,10.4667,78.0833,84.52,59,95,5.73
422,Nara,JP,2021-10-26 09:42:10,34.6851,135.8049,65.48,60,26,2.39
423,Abashiri,JP,2021-10-26 09:42:26,44.0213,144.2697,53.89,87,75,8.05
424,Isiro,CD,2021-10-26 09:42:26,2.7739,27.616,83.16,59,100,2.01
425,Pauini,BR,2021-10-26 09:42:27,-7.7136,-66.9764,71.1,99,100,2.39
426,Mengcheng,CN,2021-10-26 09:42:27,33.2579,116.5655,64.83,55,93,0.94
427,Korla,CN,2021-10-26 09:42:28,41.7597,86.1469,56.95,28,0,10.85
428,Sambava,MG,2021-10-26 09:42:28,-14.2667,50.1667,81.48,58,17,13.73
429,Sechura,PE,2021-10-26 09:42:29,-5.5569,-80.8222,63.88,80,100,13.38
430,Galesong,ID,2021-10-26 09:42:29,-5.3166,119.3661,77.02,73,100,4.76
431,Tezu,IN,2021-10-26 09:42:30,27.9167,96.1667,78.57,70,2,1.36
432,Cayhagan,PH,2021-10-26 09:42:30,9.6697,122.4256,80.56,83,100,8.99
433,Margate,GB,2021-10-26 09:42:30,51.3813,1.3862,57.9,83,99,4.0
434,Sukhumi,GE,2021-10-26 09:42:31,43.0033,41.0153,56.07,47,0,4.52
435,Campo Grande,BR,2021-10-26 09:38:26,-20.4428,-54.6464,71.15,73,75,9.22
436,Cayenne,GF,2021-10-26 09:42:31,4.9333,-52.3333,78.1,89,90,0.0
437,Pudozh,RU,2021-10-26 09:42:32,61.8099,36.5345,40.17,95,100,8.88
438,Necochea,AR,2021-10-26 09:42:32,-38.5473,-58.7368,54.03,73,4,10.0
439,Yambio,SS,2021-10-26 09:42:32,4.5721,28.3955,85.68,60,42,2.15
440,Yeppoon,AU,2021-10-26 09:42:33,-23.1333,150.7333,76.78,83,37,9.84
441,Nabire,ID,2021-10-26 09:42:33,-3.3667,135.4833,78.8,86,54,1.5
442,Barhi,IN,2021-10-26 09:42:33,23.9,80.8,82.0,41,19,5.14
443,Turukhansk,RU,2021-10-26 09:42:34,65.8167,87.9833,21.18,90,89,10.96
444,Tahoua,NE,2021-10-26 09:42:34,14.8888,5.2692,98.76,10,7,13.98
445,Amga,RU,2021-10-26 09:42:34,60.8953,131.9608,33.28,99,100,3.51
446,El Coyote,MX,2021-10-26 09:42:35,25.7,-103.2667,76.01,37,95,20.09
447,Sabha,LY,2021-10-26 09:42:35,27.0377,14.4283,79.43,19,5,6.13
448,Banda Aceh,ID,2021-10-26 09:42:35,5.5577,95.3222,81.48,79,100,6.6
449,San Onofre,CO,2021-10-26 09:40:53,9.7359,-75.5263,75.42,95,100,6.31
450,Lavrentiya,RU,2021-10-26 09:42:36,65.5833,-171.0,13.03,81,37,8.93
451,Luanda,AO,2021-10-26 09:42:37,-8.8368,13.2343,77.0,78,75,6.91
452,Clarksdale,US,2021-10-26 09:42:37,34.2001,-90.5709,50.92,81,0,6.31
453,Kedrovyy,RU,2021-10-26 09:42:37,56.1667,91.8167,46.81,76,99,4.65
454,Zhezkazgan,KZ,2021-10-26 09:42:38,47.8043,67.7144,51.6,53,100,14.18
455,Abu Samrah,SY,2021-10-26 09:42:38,35.3029,37.1841,72.45,34,49,3.31
456,Sitka,US,2021-10-26 09:42:39,57.0531,-135.33,42.69,81,90,0.0
457,Jalu,LY,2021-10-26 09:42:39,29.0331,21.5482,85.66,23,92,15.05
458,Pisco,PE,2021-10-26 09:42:39,-13.7,-76.2167,58.01,82,20,4.61
459,Teahupoo,PF,2021-10-26 09:42:40,-17.8333,-149.2667,69.76,81,100,6.98
460,Nome,US,2021-10-26 09:42:40,64.5011,-165.4064,21.27,79,75,8.05
461,Polyarnyy,RU,2021-10-26 09:42:41,69.1989,33.4478,28.87,87,100,19.82
462,Pajan,EC,2021-10-26 09:42:41,-1.5667,-80.4167,71.01,89,100,3.33
463,Novyy Urengoy,RU,2021-10-26 09:42:42,66.0833,76.6333,24.64,96,100,5.66
464,Tongliao,CN,2021-10-26 09:42:42,43.6125,122.2653,49.86,36,2,12.08
465,Lingyuan,CN,2021-10-26 09:42:42,41.24,119.4011,49.68,41,1,4.83
466,Bilma,NE,2021-10-26 09:42:43,18.6853,12.9164,94.35,9,0,4.16
467,Ixtapa,MX,2021-10-26 09:42:44,20.7,-105.2,71.29,85,36,3.29
468,Lakes Entrance,AU,2021-10-26 09:42:44,-37.8811,147.981,55.58,81,0,6.82
469,Jingdezhen,CN,2021-10-26 09:42:44,29.2947,117.2079,65.79,70,49,2.13
470,Nemuro,JP,2021-10-26 09:42:45,43.3236,145.575,50.43,84,100,7.29
471,Hasaki,JP,2021-10-26 09:42:45,35.7333,140.8333,61.2,70,64,16.15
472,Kabalo,CD,2021-10-26 09:42:45,-6.05,26.9167,92.53,46,95,0.56
473,Soure,BR,2021-10-26 09:42:46,-0.7167,-48.5233,81.81,77,94,11.43
474,Malumfashi,NG,2021-10-26 09:42:46,11.7853,7.6218,88.2,24,100,4.47
475,Eresos,GR,2021-10-26 09:42:47,39.1667,25.9333,58.51,52,0,11.59
476,Punta Gorda,US,2021-10-26 09:42:47,26.9298,-82.0454,80.01,90,40,3.44
477,Covington,US,2021-10-26 09:38:59,39.0837,-84.5086,50.04,83,90,1.01
478,Hovd,MN,2021-10-26 09:42:48,48.0056,91.6419,42.78,40,24,2.73
479,Tual,ID,2021-10-26 09:42:48,-5.6667,132.75,83.8,72,45,8.34
480,Mpika,ZM,2021-10-26 09:42:48,-11.8343,31.4529,88.02,22,10,11.07
481,High Level,CA,2021-10-26 09:42:49,58.5169,-117.136,39.31,100,90,3.44
482,Ornskoldsvik,SE,2021-10-26 09:42:49,63.2909,18.7153,33.62,100,20,3.44
483,Vostok,RU,2021-10-26 09:42:49,46.4856,135.8833,38.62,73,1,4.92
484,Eyl,SO,2021-10-26 09:42:50,7.9803,49.8164,85.32,58,31,13.53
485,Murray,US,2021-10-26 09:39:47,40.6669,-111.888,46.26,93,90,3.0
486,Bud,US,2021-10-26 09:42:50,39.447,-86.1758,48.15,87,35,9.04
487,Elban,RU,2021-10-26 09:42:51,50.1018,136.5094,43.43,75,100,5.1
488,Guiratinga,BR,2021-10-26 09:42:51,-16.3494,-53.7583,74.05,74,77,3.02
489,Traverse City,US,2021-10-26 09:39:56,44.7631,-85.6206,44.8,76,90,11.5
490,Himare,AL,2021-10-26 09:42:51,40.1017,19.7447,64.44,50,75,2.53
491,Amot,NO,2021-10-26 09:42:52,59.5714,7.9877,41.76,66,56,5.61
492,Luwuk,ID,2021-10-26 09:42:52,-0.9516,122.7875,81.09,82,26,2.51
493,Kichmengskiy Gorodok,RU,2021-10-26 09:42:53,59.9816,45.7854,36.3,98,100,8.95
494,Bolshaya Martynovka,RU,2021-10-26 09:42:53,47.271,41.6679,43.29,31,0,5.59
495,Mayor Pablo Lagerenza,PY,2021-10-26 09:42:54,-19.9309,-60.7718,66.36,37,96,1.32
496,Dwarka,IN,2021-10-26 09:42:54,22.2394,68.9678,85.6,40,0,8.23
497,Nishihara,JP,2021-10-26 09:42:54,26.1842,127.7558,74.48,58,0,13.8
498,Udachnyy,RU,2021-10-26 09:42:55,66.4167,112.4,14.97,93,97,9.89
499,Akdepe,TM,2021-10-26 09:42:55,42.0551,59.3788,59.09,38,91,12.48
500,Bathsheba,BB,2021-10-26 09:42:56,13.2167,-59.5167,81.21,74,20,19.57
501,Xai-Xai,MZ,2021-10-26 09:42:56,-25.0519,33.6442,77.11,70,80,7.61
502,Aqtobe,KZ,2021-10-26 09:42:56,50.2797,57.2072,39.29,60,75,4.47
503,Swan Hill,AU,2021-10-26 09:42:57,-35.3378,143.5544,61.57,29,96,3.47
504,Mandalgovi,MN,2021-10-26 09:42:57,45.7625,106.2708,41.22,36,7,10.07
505,Zeya,RU,2021-10-26 09:42:58,53.75,127.2667,35.06,87,15,0.27
506,Kostino,RU,2021-10-26 09:42:58,58.9097,53.2691,31.37,89,100,7.49
507,Zhuanghe,CN,2021-10-26 09:42:59,39.7008,122.9911,57.0,50,76,8.3
508,Yar-Sale,RU,2021-10-26 09:42:59,66.8333,70.8333,18.23,86,8,5.1
509,Juneau,US,2021-10-26 09:42:13,58.3019,-134.4197,41.05,96,90,0.0
510,New Bern,US,2021-10-26 09:38:25,35.1085,-77.0441,64.69,98,40,5.75
511,Akureyri,IS,2021-10-26 09:43:00,65.6835,-18.0878,22.93,86,0,4.61
512,Bara,NG,2021-10-26 09:43:00,10.3744,10.7288,87.58,51,100,5.23
513,Vallenar,CL,2021-10-26 09:43:01,-28.5708,-70.7581,54.09,81,1,0.45
514,Batemans Bay,AU,2021-10-26 09:43:01,-35.7167,150.1833,62.1,76,71,1.12
515,Ketchikan,US,2021-10-26 09:43:02,55.3422,-131.6461,46.56,96,100,5.95
516,Podor,MR,2021-10-26 09:43:02,16.6527,-14.9587,85.95,42,0,2.3
517,Karatau,KZ,2021-10-26 09:43:02,43.1667,70.4667,62.2,23,100,17.36
518,Itarema,BR,2021-10-26 09:43:03,-2.9248,-39.9167,81.77,65,50,18.99
519,Chabahar,IR,2021-10-26 09:43:03,25.2919,60.643,81.5,64,4,8.72
520,Kawalu,ID,2021-10-26 09:43:04,-7.3817,108.2082,76.77,82,99,5.06
521,Tabou,CI,2021-10-26 09:43:04,4.423,-7.3528,79.75,78,99,7.67
522,Dhidhdhoo,MV,2021-10-26 09:43:04,6.8833,73.1,81.25,80,100,12.59
523,Saint-Leu,RE,2021-10-26 09:43:05,-21.15,55.2833,83.26,91,19,9.01
524,Roma,US,2021-10-26 09:39:44,43.2128,-75.4557,54.73,95,90,8.05
525,Alakurtti,RU,2021-10-26 09:43:05,66.9672,30.3491,32.63,98,100,6.04
526,Alvdal,NO,2021-10-26 09:43:06,62.1077,10.6307,39.04,78,86,3.49
527,Lorengau,PG,2021-10-26 09:43:06,-2.0226,147.2712,82.06,75,84,8.23
528,Gizo,SB,2021-10-26 09:43:06,-8.103,156.8419,81.46,77,97,7.31
529,Chake Chake,TZ,2021-10-26 09:43:07,-5.2459,39.7666,87.31,56,99,10.45
530,Kouroussa,GN,2021-10-26 09:43:07,10.65,-9.8833,79.79,73,99,5.26
531,Skjervoy,NO,2021-10-26 09:43:08,70.0311,20.9714,33.98,71,44,19.71
532,Tawau,MY,2021-10-26 09:43:08,4.2498,117.8871,84.33,79,78,3.0
533,Asyut,EG,2021-10-26 09:43:08,27.181,31.1837,85.55,21,0,7.14
534,Luderitz,NA,2021-10-26 09:43:09,-26.6481,15.1594,66.4,65,0,11.74
535,North Platte,US,2021-10-26 09:43:09,41.1239,-100.7654,48.25,92,90,8.01
536,Qena,EG,2021-10-26 09:43:10,26.1615,32.7183,87.26,19,0,2.04
537,Vardo,NO,2021-10-26 09:43:10,70.3705,31.1107,34.0,86,90,31.07
538,Innisfail,AU,2021-10-26 09:43:10,-17.5333,146.0333,75.9,76,20,3.91
539,Cairns,AU,2021-10-26 09:43:11,-16.9167,145.7667,78.75,77,4,6.91
540,Yulin,CN,2021-10-26 09:43:11,22.6333,110.15,73.49,69,4,5.03
541,Deputatskiy,RU,2021-10-26 09:43:11,69.3,139.9,-8.28,99,94,2.04
542,Maraba,BR,2021-10-26 09:43:12,-5.3686,-49.1178,78.98,100,40,4.61
543,Wewak,PG,2021-10-26 09:43:12,-3.5534,143.6268,81.21,79,56,4.65
544,Berezovyy,RU,2021-10-26 09:43:12,51.6667,135.7,39.31,80,92,3.67
545,Roebourne,AU,2021-10-26 09:43:13,-20.7833,117.1333,88.09,26,0,15.88
546,Santiago Del Estero,AR,2021-10-26 09:42:35,-27.7951,-64.2615,61.81,30,0,8.46
547,Selma,US,2021-10-26 09:43:13,36.5708,-119.6121,49.71,79,2,2.95
548,Xingcheng,CN,2021-10-26 09:43:14,40.6167,120.7167,56.91,43,0,7.61
549,Lucapa,AO,2021-10-26 09:43:14,-8.4192,20.7447,86.7,46,90,2.66
550,Shalinskoye,RU,2021-10-26 09:43:15,55.7228,93.7594,45.75,69,93,4.99
551,Taksimo,RU,2021-10-26 09:43:15,56.3444,114.8794,28.18,93,93,1.63
552,Abu Zabad,SD,2021-10-26 09:43:16,12.35,29.25,93.9,18,78,11.32
553,Pangnirtung,CA,2021-10-26 09:43:16,66.1451,-65.7125,21.58,71,44,4.09
554,Sovetskiy,RU,2021-10-26 09:43:16,61.3614,63.5842,29.48,53,78,9.42
555,Almeirim,BR,2021-10-26 09:43:17,-1.5233,-52.5817,75.04,91,7,2.95
556,San Martin,AR,2021-10-26 09:43:17,-33.081,-68.4681,75.74,27,9,12.82
557,Umm Lajj,SA,2021-10-26 09:43:17,25.0213,37.2685,84.31,54,0,10.51
558,Ukiah,US,2021-10-26 09:40:03,39.1502,-123.2078,51.1,95,40,0.0
559,Bad Wildbad,DE,2021-10-26 09:43:18,48.75,8.55,54.39,67,69,4.97
560,Ust-Kuyga,RU,2021-10-26 09:43:18,70.0167,135.6,-6.07,100,99,5.14
561,Pakhni,GR,2021-10-26 09:43:18,41.3,24.9,52.56,49,1,6.53
562,Agadez,NE,2021-10-26 09:43:19,19.75,10.25,94.78,8,0,9.15
563,Port Moresby,PG,2021-10-26 09:43:19,-9.4431,147.1797,81.82,89,75,11.5
564,Filadelfia,US,2021-10-26 09:40:23,39.9523,-75.1638,62.76,96,90,1.01
565,Inta,RU,2021-10-26 09:43:20,66.0317,60.1659,22.37,90,100,16.87
566,Sioux Lookout,CA,2021-10-26 09:42:56,50.1001,-91.917,30.58,100,1,6.91
567,Bandarbeyla,SO,2021-10-26 09:43:20,9.4942,50.8122,83.48,62,25,12.84
568,Angoche,MZ,2021-10-26 09:43:20,-16.2325,39.9086,86.27,58,3,10.29
569,Waingapu,ID,2021-10-26 09:43:21,-9.6567,120.2641,83.26,72,100,5.84
570,Edd,ER,2021-10-26 09:43:21,13.9297,41.6925,95.88,39,0,19.73
571,Salinas,US,2021-10-26 09:39:25,36.6777,-121.6555,52.97,89,1,1.77
572,Zonguldak,TR,2021-10-26 09:38:24,41.25,31.8333,49.05,39,0,3.85
573,Escanaba,US,2021-10-26 09:43:08,45.7453,-87.0646,42.76,80,90,3.44
574,Sokolo,ML,2021-10-26 09:43:22,14.7328,-6.1219,93.47,32,52,4.94
575,Bonavista,CA,2021-10-26 09:43:22,48.6499,-53.1147,42.12,74,34,16.35
576,Imeni Poliny Osipenko,RU,2021-10-26 09:43:23,52.4201,136.4853,34.52,88,30,3.53
577,Allahganj,IN,2021-10-26 09:43:24,27.55,79.6833,82.76,36,0,9.48
578,Mayo,US,2021-10-26 09:43:24,38.8876,-76.5119,62.31,95,100,1.01
